content_id,sport,content_type,duration_seconds,popularity_score
CNT-0001,basketball,interview,300,0.239
CNT-0002,formula1,highlight,125,0.693
CNT-0003,cricket,documentary,4326,0.596
CNT-0004,cricket,documentary,4365,0.186
CNT-0005,formula1,documentary,2266,0.49
CNT-0006,formula1,interview,502,0.842
CNT-0007,football,documentary,3841,0.952
CNT-0008,formula1,live_replay,2198,0.815
CNT-0009,tennis,documentary,4954,0.409
CNT-0010,cricket,live_replay,6417,0.84
CNT-0011,formula1,live_replay,1277,0.565
CNT-0012,basketball,interview,213,0.275
CNT-0013,basketball,documentary,2277,0.781
CNT-0014,cricket,documentary,5084,0.113
CNT-0015,basketball,highlight,169,0.823
CNT-0016,tennis,analysis,894,0.042
CNT-0017,tennis,live_replay,2390,0.99
CNT-0018,formula1,highlight,106,0.875
CNT-0019,cricket,highlight,97,0.349
CNT-0020,cricket,highlight,60,0.776
CNT-0021,formula1,interview,1010,0.738
CNT-0022,tennis,analysis,767,0.428
CNT-0023,formula1,documentary,2592,0.814
CNT-0024,tennis,highlight,119,0.532
CNT-0025,tennis,documentary,2279,0.324
CNT-0026,basketball,analysis,706,0.267
CNT-0027,football,documentary,2010,0.963
CNT-0028,football,live_replay,2871,0.867
CNT-0029,formula1,interview,435,0.146
CNT-0030,formula1,analysis,899,0.844
CNT-0031,cricket,live_replay,1764,0.577
CNT-0032,cricket,analysis,504,0.452
CNT-0033,cricket,highlight,161,0.75
CNT-0034,cricket,analysis,619,0.327
CNT-0035,football,highlight,147,0.635
CNT-0036,football,analysis,667,0.398
CNT-0037,formula1,live_replay,4652,0.269
CNT-0038,basketball,analysis,680,0.578
CNT-0039,cricket,documentary,3715,0.894
CNT-0040,football,highlight,55,0.626
CNT-0041,football,live_replay,1617,0.929
CNT-0042,cricket,interview,647,0.001
CNT-0043,formula1,live_replay,6240,0.909
CNT-0044,formula1,analysis,400,0.093
CNT-0045,basketball,analysis,204,0.372
CNT-0046,football,interview,585,0.626
CNT-0047,cricket,interview,851,0.091
CNT-0048,football,highlight,84,0.477
CNT-0049,tennis,interview,411,0.519
CNT-0050,football,live_replay,666,0.696
CNT-0051,cricket,highlight,63,0.478
CNT-0052,cricket,interview,271,0.731
CNT-0053,football,highlight,110,0.368
CNT-0054,formula1,analysis,511,0.773
CNT-0055,formula1,interview,250,0.531
CNT-0056,tennis,highlight,72,0.44
CNT-0057,formula1,interview,1121,0.412
CNT-0058,formula1,live_replay,1310,0.897
CNT-0059,football,interview,783,0.73
CNT-0060,cricket,analysis,442,0.791
CNT-0061,basketball,interview,840,0.084
CNT-0062,tennis,documentary,3234,0.779
CNT-0063,basketball,highlight,82,0.518
CNT-0064,formula1,documentary,4109,0.296
CNT-0065,formula1,highlight,156,0.386
CNT-0066,cricket,interview,833,0.594
CNT-0067,football,documentary,3858,0.934
CNT-0068,cricket,interview,1061,0.839
CNT-0069,basketball,live_replay,5075,0.683
CNT-0070,football,live_replay,736,0.587
CNT-0071,basketball,highlight,85,0.04
CNT-0072,cricket,highlight,159,0.286
CNT-0073,cricket,documentary,4369,0.702
CNT-0074,tennis,highlight,167,0.616
CNT-0075,football,analysis,437,0.079
CNT-0076,formula1,interview,729,0.327
CNT-0077,football,documentary,3440,0.699
CNT-0078,football,interview,430,0.086
CNT-0079,football,live_replay,4314,0.612
CNT-0080,basketball,highlight,74,0.119
CNT-0081,football,interview,347,0.496
CNT-0082,tennis,analysis,649,0.783
CNT-0083,formula1,analysis,500,0.127
CNT-0084,football,analysis,150,0.335
CNT-0085,basketball,live_replay,4891,0.064
CNT-0086,football,documentary,4964,0.455
CNT-0087,football,analysis,631,0.859
CNT-0088,basketball,interview,341,0.255
CNT-0089,tennis,highlight,59,0.228
CNT-0090,football,documentary,1260,0.859
CNT-0091,formula1,highlight,41,0.472
CNT-0092,formula1,live_replay,2066,0.931
CNT-0093,tennis,highlight,137,0.225
CNT-0094,cricket,interview,1117,0.72
CNT-0095,football,analysis,705,0.373
CNT-0096,football,documentary,2369,0.223
CNT-0097,football,documentary,4184,0.069
CNT-0098,basketball,live_replay,6936,0.845
CNT-0099,football,analysis,686,0.457
CNT-0100,formula1,analysis,418,0.564
CNT-0101,tennis,analysis,368,0.464
CNT-0102,cricket,documentary,2500,0.732
CNT-0103,formula1,documentary,2133,0.006
CNT-0104,football,live_replay,2508,0.542
CNT-0105,basketball,highlight,30,0.759
CNT-0106,basketball,live_replay,1451,0.205
CNT-0107,cricket,interview,683,0.961
CNT-0108,basketball,interview,275,0.044
CNT-0109,tennis,interview,602,0.701
CNT-0110,cricket,analysis,885,0.085
CNT-0111,tennis,highlight,64,0.637
CNT-0112,football,live_replay,5448,0.568
CNT-0113,formula1,live_replay,2539,0.292
CNT-0114,cricket,analysis,837,0.832
CNT-0115,basketball,analysis,583,0.272
CNT-0116,formula1,highlight,64,0.78
CNT-0117,football,documentary,2173,0.106
CNT-0118,cricket,live_replay,3172,0.407
CNT-0119,basketball,documentary,2600,0.452
CNT-0120,basketball,live_replay,1582,0.09
CNT-0121,tennis,analysis,161,0.215
CNT-0122,formula1,analysis,213,0.711
CNT-0123,cricket,analysis,645,0.049
CNT-0124,basketball,analysis,298,0.031
CNT-0125,cricket,live_replay,5154,0.748
CNT-0126,football,interview,653,0.102
CNT-0127,football,interview,192,0.062
CNT-0128,formula1,interview,382,0.824
CNT-0129,football,analysis,716,0.586
CNT-0130,football,highlight,46,0.198
CNT-0131,formula1,live_replay,1353,0.905
CNT-0132,football,analysis,163,0.942
CNT-0133,formula1,highlight,176,0.433
CNT-0134,cricket,live_replay,841,0.383
CNT-0135,formula1,live_replay,3499,0.215
CNT-0136,basketball,interview,466,0.446
CNT-0137,football,interview,808,0.619
CNT-0138,basketball,interview,690,0.412
CNT-0139,cricket,documentary,1399,0.088
CNT-0140,formula1,live_replay,4034,0.199
CNT-0141,formula1,documentary,5353,0.795
CNT-0142,basketball,live_replay,4529,0.545
CNT-0143,basketball,live_replay,5233,0.502
CNT-0144,basketball,live_replay,2073,0.026
CNT-0145,formula1,documentary,1140,0.896
CNT-0146,football,analysis,603,0.529
CNT-0147,formula1,documentary,2207,0.1
CNT-0148,basketball,interview,726,0.816
CNT-0149,formula1,highlight,177,0.847
CNT-0150,basketball,live_replay,2023,0.176
CNT-0151,basketball,documentary,3839,0.914
CNT-0152,basketball,highlight,175,0.564
CNT-0153,formula1,documentary,4932,0.542
CNT-0154,cricket,interview,218,0.09
CNT-0155,tennis,interview,404,0.02
CNT-0156,football,live_replay,3317,0.918
CNT-0157,formula1,interview,528,0.717
CNT-0158,football,analysis,142,0.148
CNT-0159,football,interview,1046,0.526
CNT-0160,football,analysis,502,0.705
CNT-0161,tennis,live_replay,1427,0.337
CNT-0162,formula1,analysis,281,0.732
CNT-0163,cricket,live_replay,5918,0.317
CNT-0164,tennis,documentary,3823,0.223
CNT-0165,formula1,documentary,3999,0.307
CNT-0166,formula1,analysis,301,0.729
CNT-0167,cricket,documentary,1165,0.182
CNT-0168,tennis,analysis,346,0.64
CNT-0169,cricket,highlight,66,0.331
CNT-0170,formula1,highlight,118,0.982
CNT-0171,football,interview,1021,0.709
CNT-0172,cricket,analysis,131,0.265
CNT-0173,football,interview,538,0.257
CNT-0174,football,highlight,42,0.386
CNT-0175,formula1,live_replay,3991,0.493
CNT-0176,basketball,live_replay,5073,0.375
CNT-0177,tennis,live_replay,5932,0.758
CNT-0178,formula1,interview,642,0.074
CNT-0179,basketball,highlight,35,0.319
CNT-0180,football,highlight,117,0.17
CNT-0181,formula1,live_replay,6596,0.075
CNT-0182,basketball,highlight,153,0.705
CNT-0183,formula1,live_replay,5575,0.89
CNT-0184,football,interview,283,0.331
CNT-0185,cricket,interview,893,0.554
CNT-0186,basketball,documentary,3206,0.297
CNT-0187,football,highlight,130,0.572
CNT-0188,formula1,live_replay,1046,0.361
CNT-0189,football,live_replay,3012,0.824
CNT-0190,cricket,documentary,2535,0.097
CNT-0191,formula1,interview,833,0.292
CNT-0192,cricket,highlight,59,0.308
CNT-0193,cricket,live_replay,4606,0.895
CNT-0194,football,analysis,777,0.544
CNT-0195,basketball,interview,1086,0.381
CNT-0196,cricket,interview,225,0.263
CNT-0197,basketball,live_replay,2453,0.837
CNT-0198,football,documentary,2138,0.752
CNT-0199,football,highlight,118,0.808
CNT-0200,tennis,live_replay,2463,0.554
CNT-0201,tennis,live_replay,4029,0.966
CNT-0202,tennis,live_replay,2530,0.476
CNT-0203,cricket,highlight,38,0.502
CNT-0204,tennis,documentary,2107,0.12
CNT-0205,formula1,live_replay,1969,0.972
CNT-0206,formula1,interview,223,0.423
CNT-0207,formula1,live_replay,5738,0.148
CNT-0208,basketball,documentary,3519,0.911
CNT-0209,football,highlight,129,0.556
CNT-0210,basketball,documentary,3162,0.52
CNT-0211,tennis,highlight,180,0.523
CNT-0212,football,live_replay,3995,0.15
CNT-0213,tennis,documentary,1720,0.925
CNT-0214,football,documentary,3243,0.867
CNT-0215,cricket,analysis,390,0.383
CNT-0216,tennis,live_replay,5588,0.473
CNT-0217,basketball,interview,592,0.144
CNT-0218,cricket,documentary,1217,0.396
CNT-0219,formula1,analysis,170,0.746
CNT-0220,basketball,analysis,140,0.338
CNT-0221,basketball,analysis,407,0.843
CNT-0222,formula1,highlight,64,0.3
CNT-0223,basketball,live_replay,2807,0.729
CNT-0224,football,documentary,2439,0.442
CNT-0225,cricket,live_replay,6821,0.517
CNT-0226,football,analysis,647,0.791
CNT-0227,basketball,highlight,159,0.403
CNT-0228,tennis,documentary,1137,0.174
CNT-0229,football,interview,435,0.033
CNT-0230,basketball,highlight,80,0.274
CNT-0231,tennis,live_replay,3851,0.635
CNT-0232,football,highlight,91,0.372
CNT-0233,cricket,documentary,2354,0.961
CNT-0234,tennis,live_replay,5116,0.35
CNT-0235,basketball,interview,946,0.831
CNT-0236,basketball,highlight,37,0.387
CNT-0237,tennis,interview,978,0.965
CNT-0238,formula1,interview,873,0.207
CNT-0239,tennis,live_replay,764,0.865
CNT-0240,cricket,highlight,63,0.647
CNT-0241,football,documentary,2733,0.252
CNT-0242,basketball,analysis,553,0.895
CNT-0243,cricket,analysis,378,0.218
CNT-0244,tennis,analysis,758,0.397
CNT-0245,football,highlight,160,0.999
CNT-0246,tennis,analysis,782,0.594
CNT-0247,basketball,analysis,820,0.108
CNT-0248,basketball,highlight,100,0.641
CNT-0249,basketball,analysis,791,0.711
CNT-0250,formula1,analysis,273,0.517
CNT-0251,football,interview,1004,0.857
CNT-0252,cricket,documentary,3518,0.681
CNT-0253,cricket,highlight,105,0.259
CNT-0254,cricket,live_replay,3780,0.737
CNT-0255,tennis,documentary,2455,0.343
CNT-0256,tennis,interview,833,0.785
CNT-0257,tennis,analysis,427,0.845
CNT-0258,formula1,documentary,3306,0.098
CNT-0259,basketball,interview,922,0.808
CNT-0260,basketball,interview,850,0.089
CNT-0261,formula1,analysis,882,0.871
CNT-0262,basketball,live_replay,3644,0.261
CNT-0263,cricket,analysis,240,0.471
CNT-0264,tennis,documentary,1483,0.472
CNT-0265,tennis,interview,302,0.867
CNT-0266,tennis,live_replay,3044,0.413
CNT-0267,formula1,interview,1196,0.2
CNT-0268,tennis,live_replay,4348,0.143
CNT-0269,football,interview,679,0.333
CNT-0270,basketball,interview,829,0.058
CNT-0271,basketball,live_replay,2315,0.761
CNT-0272,tennis,interview,962,0.158
CNT-0273,formula1,highlight,141,0.633
CNT-0274,cricket,live_replay,4510,0.383
CNT-0275,tennis,highlight,81,0.731
CNT-0276,basketball,highlight,165,0.191
CNT-0277,formula1,highlight,87,0.694
CNT-0278,basketball,analysis,252,0.103
CNT-0279,tennis,documentary,3407,0.167
CNT-0280,basketball,highlight,104,0.456
CNT-0281,tennis,documentary,5193,0.338
CNT-0282,basketball,interview,1200,0.901
CNT-0283,formula1,analysis,288,0.948
CNT-0284,football,live_replay,2471,0.224
CNT-0285,formula1,interview,931,0.022
CNT-0286,formula1,documentary,1908,0.367
CNT-0287,cricket,highlight,95,0.771
CNT-0288,football,documentary,1292,0.662
CNT-0289,football,highlight,59,0.417
CNT-0290,football,live_replay,5083,0.253
CNT-0291,formula1,interview,891,0.686
CNT-0292,basketball,highlight,137,0.662
CNT-0293,basketball,documentary,2023,0.419
CNT-0294,tennis,highlight,60,0.283
CNT-0295,cricket,highlight,80,0.609
CNT-0296,tennis,analysis,326,0.358
CNT-0297,basketball,live_replay,1913,0.039
CNT-0298,formula1,live_replay,6237,0.933
CNT-0299,formula1,analysis,122,0.013
CNT-0300,football,highlight,176,0.669
CNT-0301,football,interview,978,0.512
CNT-0302,basketball,highlight,89,0.457
CNT-0303,basketball,analysis,595,0.05
CNT-0304,football,interview,1052,0.291
CNT-0305,cricket,analysis,876,0.116
CNT-0306,football,highlight,65,0.663
CNT-0307,basketball,interview,546,0.895
CNT-0308,basketball,documentary,1661,0.373
CNT-0309,formula1,analysis,236,0.401
CNT-0310,basketball,live_replay,3759,0.69
CNT-0311,cricket,live_replay,5915,0.886
CNT-0312,football,interview,315,0.696
CNT-0313,formula1,highlight,56,0.416
CNT-0314,cricket,documentary,4489,0.181
CNT-0315,basketball,live_replay,5608,0.029
CNT-0316,cricket,interview,1122,0.488
CNT-0317,cricket,live_replay,976,0.063
CNT-0318,football,analysis,841,0.868
CNT-0319,tennis,documentary,2734,0.978
CNT-0320,tennis,analysis,655,0.688
CNT-0321,football,documentary,4445,0.662
CNT-0322,cricket,interview,534,0.664
CNT-0323,formula1,live_replay,5173,0.892
CNT-0324,football,documentary,995,0.643
CNT-0325,tennis,interview,1049,0.469
CNT-0326,formula1,live_replay,1213,0.751
CNT-0327,formula1,analysis,458,0.97
CNT-0328,tennis,highlight,87,0.55
CNT-0329,cricket,live_replay,2525,0.079
CNT-0330,tennis,live_replay,4270,0.088
CNT-0331,cricket,live_replay,3189,0.119
CNT-0332,football,live_replay,1440,0.403
CNT-0333,tennis,highlight,170,0.0
CNT-0334,tennis,highlight,107,0.89
CNT-0335,formula1,documentary,4637,0.95
CNT-0336,football,analysis,348,0.844
CNT-0337,tennis,analysis,754,0.6
CNT-0338,cricket,analysis,236,0.097
CNT-0339,football,interview,529,0.355
CNT-0340,tennis,analysis,654,0.374
CNT-0341,football,highlight,72,0.492
CNT-0342,football,live_replay,2683,0.611
CNT-0343,football,interview,1132,0.852
CNT-0344,cricket,interview,1024,0.781
CNT-0345,football,analysis,895,0.414
CNT-0346,football,documentary,4590,0.457
CNT-0347,tennis,documentary,2002,0.964
CNT-0348,tennis,highlight,42,0.553
CNT-0349,tennis,live_replay,4556,0.924
CNT-0350,tennis,interview,357,0.73
CNT-0351,football,interview,576,0.658
CNT-0352,basketball,documentary,5029,0.881
CNT-0353,tennis,live_replay,6273,0.762
CNT-0354,cricket,analysis,471,0.97
CNT-0355,formula1,live_replay,1731,0.413
CNT-0356,basketball,documentary,5387,0.861
CNT-0357,formula1,documentary,2545,0.21
CNT-0358,basketball,analysis,808,0.133
CNT-0359,tennis,interview,735,0.694
CNT-0360,football,analysis,899,0.352
CNT-0361,tennis,live_replay,5274,0.943
CNT-0362,tennis,live_replay,2942,0.877
CNT-0363,football,live_replay,4882,0.106
CNT-0364,formula1,live_replay,1034,0.67
CNT-0365,basketball,interview,948,0.786
CNT-0366,basketball,analysis,269,0.839
CNT-0367,formula1,analysis,891,0.541
CNT-0368,cricket,analysis,224,0.616
CNT-0369,formula1,documentary,4085,0.238
CNT-0370,football,analysis,510,0.388
CNT-0371,tennis,analysis,175,0.013
CNT-0372,formula1,analysis,755,0.869
CNT-0373,formula1,live_replay,5791,0.705
CNT-0374,tennis,analysis,679,0.738
CNT-0375,formula1,interview,481,0.449
CNT-0376,formula1,highlight,74,0.735
CNT-0377,cricket,highlight,40,0.429
CNT-0378,basketball,documentary,1965,0.161
CNT-0379,football,analysis,458,0.466
CNT-0380,football,interview,337,0.929
CNT-0381,football,documentary,3367,0.491
CNT-0382,tennis,documentary,3833,0.073
CNT-0383,tennis,analysis,345,0.957
CNT-0384,football,documentary,5038,0.159
CNT-0385,tennis,documentary,4204,0.092
CNT-0386,formula1,interview,859,0.332
CNT-0387,basketball,analysis,343,0.95
CNT-0388,tennis,documentary,4790,0.997
CNT-0389,football,highlight,118,0.446
CNT-0390,tennis,documentary,2897,0.959
CNT-0391,cricket,analysis,236,0.386
CNT-0392,basketball,documentary,1102,0.911
CNT-0393,tennis,analysis,640,0.446
CNT-0394,basketball,highlight,79,0.32
CNT-0395,football,highlight,72,0.972
CNT-0396,tennis,documentary,960,0.627
CNT-0397,formula1,interview,1065,0.685
CNT-0398,formula1,highlight,167,0.829
CNT-0399,football,live_replay,6718,0.686
CNT-0400,cricket,highlight,114,0.038
CNT-0401,football,highlight,75,0.794
CNT-0402,football,documentary,2764,0.911
CNT-0403,cricket,live_replay,4295,0.63
CNT-0404,basketball,live_replay,738,0.39
CNT-0405,tennis,highlight,31,0.641
CNT-0406,football,documentary,1272,0.701
CNT-0407,basketball,highlight,158,0.106
CNT-0408,tennis,analysis,208,0.282
CNT-0409,cricket,live_replay,3836,0.822
CNT-0410,cricket,highlight,70,0.533
CNT-0411,cricket,interview,995,0.797
CNT-0412,basketball,documentary,2080,0.298
CNT-0413,football,analysis,686,0.875
CNT-0414,football,interview,222,0.005
CNT-0415,cricket,documentary,5300,0.548
CNT-0416,basketball,highlight,83,0.748
CNT-0417,formula1,analysis,542,0.906
CNT-0418,formula1,documentary,2218,0.184
CNT-0419,basketball,documentary,2491,0.115
CNT-0420,football,documentary,5396,0.461
CNT-0421,football,documentary,3281,0.672
CNT-0422,football,analysis,322,0.726
CNT-0423,basketball,live_replay,3525,0.128
CNT-0424,football,interview,471,0.62
CNT-0425,basketball,interview,677,0.451
CNT-0426,basketball,documentary,2148,0.566
CNT-0427,basketball,analysis,558,0.169
CNT-0428,formula1,analysis,346,0.712
CNT-0429,basketball,live_replay,3544,0.134
CNT-0430,cricket,analysis,593,0.445
CNT-0431,cricket,analysis,684,0.109
CNT-0432,football,documentary,3198,0.859
CNT-0433,tennis,interview,381,0.263
CNT-0434,football,highlight,34,0.85
CNT-0435,tennis,highlight,178,0.405
CNT-0436,formula1,documentary,1200,0.552
CNT-0437,tennis,documentary,4767,0.654
CNT-0438,basketball,interview,581,0.223
CNT-0439,basketball,documentary,1996,0.465
CNT-0440,football,documentary,4150,0.364
CNT-0441,formula1,highlight,72,0.757
CNT-0442,cricket,interview,343,0.179
CNT-0443,formula1,documentary,4860,0.939
CNT-0444,formula1,highlight,154,0.232
CNT-0445,basketball,analysis,359,0.043
CNT-0446,tennis,interview,1109,0.791
CNT-0447,cricket,live_replay,4324,0.882
CNT-0448,basketball,highlight,56,0.704
CNT-0449,basketball,documentary,3057,0.579
CNT-0450,formula1,documentary,3985,0.654
CNT-0451,tennis,analysis,789,0.898
CNT-0452,tennis,highlight,94,0.376
CNT-0453,tennis,interview,595,0.353
CNT-0454,cricket,analysis,613,0.887
CNT-0455,tennis,highlight,65,0.44
CNT-0456,football,interview,706,0.643
CNT-0457,formula1,interview,371,0.157
CNT-0458,football,documentary,2786,0.415
CNT-0459,football,analysis,613,0.675
CNT-0460,formula1,live_replay,5439,0.161
CNT-0461,football,live_replay,2596,0.043
CNT-0462,tennis,documentary,2219,0.135
CNT-0463,football,documentary,2103,0.056
CNT-0464,formula1,analysis,649,0.958
CNT-0465,tennis,documentary,1052,0.879
CNT-0466,football,analysis,341,0.449
CNT-0467,cricket,live_replay,1997,0.219
CNT-0468,tennis,live_replay,1769,0.795
CNT-0469,tennis,interview,855,0.511
CNT-0470,basketball,interview,1124,0.453
CNT-0471,football,documentary,2782,0.378
CNT-0472,football,interview,196,0.202
CNT-0473,cricket,documentary,2125,0.606
CNT-0474,cricket,interview,1103,0.615
CNT-0475,tennis,highlight,158,0.752
CNT-0476,cricket,highlight,63,0.902
CNT-0477,football,documentary,4434,0.522
CNT-0478,football,analysis,834,0.53
CNT-0479,cricket,interview,988,0.769
CNT-0480,tennis,analysis,879,0.908
CNT-0481,football,documentary,4385,0.134
CNT-0482,formula1,live_replay,1286,0.283
CNT-0483,cricket,documentary,3011,0.189
CNT-0484,tennis,highlight,163,0.118
CNT-0485,cricket,highlight,82,0.688
CNT-0486,cricket,analysis,490,0.107
CNT-0487,tennis,live_replay,2677,0.261
CNT-0488,cricket,documentary,3895,0.612
CNT-0489,formula1,live_replay,3985,0.552
CNT-0490,cricket,documentary,2364,0.37
CNT-0491,cricket,documentary,2978,0.989
CNT-0492,basketball,documentary,4161,0.736
CNT-0493,formula1,highlight,144,0.783
CNT-0494,football,interview,399,0.508
CNT-0495,tennis,analysis,748,0.697
CNT-0496,formula1,highlight,129,0.965
CNT-0497,football,highlight,67,0.472
CNT-0498,cricket,documentary,1622,0.064
CNT-0499,basketball,interview,261,0.609
CNT-0500,cricket,live_replay,5629,0.656
