user_id,age_group,preferred_sport,preferred_content_type
USR-0001,18-24,football,analysis
USR-0002,25-34,formula1,interview
USR-0003,18-24,tennis,highlight
USR-0004,55+,cricket,highlight
USR-0005,18-24,football,interview
USR-0006,25-34,tennis,documentary
USR-0007,18-24,tennis,interview
USR-0008,55+,cricket,interview
USR-0009,45-54,tennis,analysis
USR-0010,18-24,formula1,live_replay
USR-0011,35-44,basketball,interview
USR-0012,25-34,basketball,highlight
USR-0013,18-24,cricket,highlight
USR-0014,35-44,basketball,documentary
USR-0015,35-44,football,live_replay
USR-0016,55+,football,live_replay
USR-0017,18-24,tennis,analysis
USR-0018,55+,basketball,documentary
USR-0019,25-34,football,highlight
USR-0020,25-34,basketball,highlight
USR-0021,25-34,football,live_replay
USR-0022,35-44,cricket,analysis
USR-0023,25-34,basketball,analysis
USR-0024,25-34,basketball,highlight
USR-0025,55+,formula1,documentary
USR-0026,25-34,formula1,live_replay
USR-0027,45-54,basketball,documentary
USR-0028,25-34,basketball,highlight
USR-0029,25-34,football,analysis
USR-0030,45-54,basketball,highlight
USR-0031,25-34,tennis,analysis
USR-0032,25-34,cricket,live_replay
USR-0033,45-54,formula1,analysis
USR-0034,25-34,formula1,documentary
USR-0035,55+,basketball,documentary
USR-0036,45-54,tennis,live_replay
USR-0037,35-44,formula1,interview
USR-0038,55+,cricket,highlight
USR-0039,18-24,football,interview
USR-0040,25-34,cricket,documentary
USR-0041,18-24,cricket,live_replay
USR-0042,55+,cricket,documentary
USR-0043,35-44,tennis,highlight
USR-0044,18-24,tennis,analysis
USR-0045,35-44,football,analysis
USR-0046,45-54,formula1,live_replay
USR-0047,18-24,basketball,documentary
USR-0048,25-34,tennis,highlight
USR-0049,35-44,tennis,documentary
USR-0050,25-34,formula1,analysis
USR-0051,25-34,tennis,documentary
USR-0052,18-24,tennis,analysis
USR-0053,45-54,football,highlight
USR-0054,35-44,basketball,interview
USR-0055,18-24,formula1,documentary
USR-0056,18-24,football,live_replay
USR-0057,18-24,tennis,interview
USR-0058,25-34,cricket,documentary
USR-0059,25-34,basketball,documentary
USR-0060,55+,cricket,interview
USR-0061,55+,formula1,analysis
USR-0062,45-54,basketball,live_replay
USR-0063,55+,cricket,highlight
USR-0064,25-34,formula1,highlight
USR-0065,35-44,football,documentary
USR-0066,55+,formula1,documentary
USR-0067,25-34,football,highlight
USR-0068,18-24,formula1,highlight
USR-0069,18-24,basketball,highlight
USR-0070,55+,formula1,analysis
USR-0071,45-54,formula1,documentary
USR-0072,25-34,tennis,documentary
USR-0073,45-54,formula1,live_replay
USR-0074,45-54,formula1,highlight
USR-0075,18-24,cricket,analysis
USR-0076,45-54,cricket,live_replay
USR-0077,18-24,football,highlight
USR-0078,45-54,basketball,highlight
USR-0079,25-34,formula1,interview
USR-0080,55+,cricket,interview
USR-0081,45-54,formula1,analysis
USR-0082,45-54,formula1,highlight
USR-0083,45-54,tennis,highlight
USR-0084,18-24,tennis,highlight
USR-0085,18-24,formula1,interview
USR-0086,45-54,cricket,live_replay
USR-0087,25-34,cricket,highlight
USR-0088,25-34,cricket,highlight
USR-0089,45-54,basketball,live_replay
USR-0090,35-44,cricket,documentary
USR-0091,45-54,formula1,interview
USR-0092,35-44,formula1,highlight
USR-0093,55+,tennis,highlight
USR-0094,35-44,football,highlight
USR-0095,55+,cricket,documentary
USR-0096,55+,formula1,highlight
USR-0097,55+,football,interview
USR-0098,18-24,tennis,highlight
USR-0099,25-34,cricket,highlight
USR-0100,55+,formula1,documentary
USR-0101,55+,football,documentary
USR-0102,18-24,cricket,documentary
USR-0103,55+,tennis,analysis
USR-0104,35-44,formula1,analysis
USR-0105,25-34,basketball,live_replay
USR-0106,25-34,basketball,live_replay
USR-0107,35-44,football,highlight
USR-0108,45-54,tennis,documentary
USR-0109,18-24,football,documentary
USR-0110,25-34,tennis,analysis
USR-0111,25-34,basketball,highlight
USR-0112,25-34,basketball,analysis
USR-0113,25-34,cricket,documentary
USR-0114,35-44,tennis,documentary
USR-0115,18-24,tennis,analysis
USR-0116,18-24,formula1,analysis
USR-0117,18-24,football,documentary
USR-0118,25-34,basketball,analysis
USR-0119,55+,formula1,analysis
USR-0120,25-34,basketball,documentary
USR-0121,45-54,basketball,highlight
USR-0122,18-24,cricket,analysis
USR-0123,18-24,football,analysis
USR-0124,25-34,basketball,interview
USR-0125,45-54,tennis,live_replay
USR-0126,55+,football,highlight
USR-0127,18-24,formula1,documentary
USR-0128,18-24,basketball,documentary
USR-0129,55+,formula1,live_replay
USR-0130,25-34,football,analysis
USR-0131,35-44,football,analysis
USR-0132,25-34,formula1,highlight
USR-0133,35-44,tennis,live_replay
USR-0134,55+,formula1,interview
USR-0135,25-34,formula1,live_replay
USR-0136,18-24,formula1,analysis
USR-0137,45-54,formula1,analysis
USR-0138,25-34,football,live_replay
USR-0139,18-24,cricket,interview
USR-0140,25-34,cricket,analysis
USR-0141,35-44,formula1,interview
USR-0142,18-24,formula1,live_replay
USR-0143,35-44,basketball,highlight
USR-0144,35-44,basketball,documentary
USR-0145,45-54,tennis,analysis
USR-0146,18-24,football,analysis
USR-0147,25-34,tennis,analysis
USR-0148,18-24,football,documentary
USR-0149,45-54,basketball,analysis
USR-0150,45-54,tennis,documentary
USR-0151,18-24,cricket,documentary
USR-0152,25-34,basketball,highlight
USR-0153,45-54,football,documentary
USR-0154,55+,formula1,analysis
USR-0155,45-54,football,analysis
USR-0156,55+,basketball,highlight
USR-0157,35-44,tennis,analysis
USR-0158,45-54,basketball,live_replay
USR-0159,35-44,tennis,interview
USR-0160,25-34,cricket,live_replay
USR-0161,25-34,tennis,documentary
USR-0162,35-44,cricket,documentary
USR-0163,18-24,basketball,analysis
USR-0164,25-34,cricket,documentary
USR-0165,55+,basketball,live_replay
USR-0166,45-54,cricket,interview
USR-0167,55+,cricket,interview
USR-0168,18-24,basketball,documentary
USR-0169,55+,basketball,highlight
USR-0170,25-34,basketball,interview
USR-0171,25-34,formula1,highlight
USR-0172,18-24,formula1,live_replay
USR-0173,55+,football,live_replay
USR-0174,45-54,tennis,interview
USR-0175,45-54,cricket,live_replay
USR-0176,25-34,formula1,highlight
USR-0177,18-24,cricket,interview
USR-0178,25-34,tennis,live_replay
USR-0179,18-24,tennis,interview
USR-0180,18-24,cricket,interview
USR-0181,45-54,tennis,documentary
USR-0182,55+,basketball,live_replay
USR-0183,55+,tennis,live_replay
USR-0184,55+,cricket,interview
USR-0185,45-54,cricket,analysis
USR-0186,25-34,basketball,documentary
USR-0187,45-54,formula1,analysis
USR-0188,45-54,football,analysis
USR-0189,25-34,basketball,analysis
USR-0190,35-44,tennis,highlight
USR-0191,25-34,formula1,interview
USR-0192,45-54,formula1,interview
USR-0193,18-24,cricket,live_replay
USR-0194,35-44,tennis,live_replay
USR-0195,45-54,football,interview
USR-0196,45-54,cricket,documentary
USR-0197,18-24,tennis,live_replay
USR-0198,45-54,football,analysis
USR-0199,35-44,cricket,live_replay
USR-0200,55+,tennis,documentary
USR-0201,25-34,cricket,interview
USR-0202,35-44,cricket,live_replay
USR-0203,18-24,cricket,analysis
USR-0204,45-54,formula1,live_replay
USR-0205,25-34,tennis,documentary
USR-0206,18-24,cricket,documentary
USR-0207,55+,football,highlight
USR-0208,45-54,formula1,live_replay
USR-0209,25-34,football,analysis
USR-0210,45-54,basketball,interview
USR-0211,45-54,basketball,analysis
USR-0212,45-54,basketball,live_replay
USR-0213,35-44,football,live_replay
USR-0214,18-24,tennis,highlight
USR-0215,35-44,formula1,highlight
USR-0216,18-24,football,interview
USR-0217,25-34,football,documentary
USR-0218,25-34,formula1,interview
USR-0219,45-54,football,documentary
USR-0220,25-34,cricket,analysis
USR-0221,35-44,formula1,documentary
USR-0222,55+,football,interview
USR-0223,35-44,football,documentary
USR-0224,18-24,basketball,documentary
USR-0225,45-54,cricket,interview
USR-0226,18-24,tennis,interview
USR-0227,18-24,basketball,documentary
USR-0228,18-24,tennis,highlight
USR-0229,35-44,tennis,live_replay
USR-0230,35-44,football,documentary
USR-0231,35-44,football,live_replay
USR-0232,45-54,football,live_replay
USR-0233,35-44,cricket,interview
USR-0234,45-54,formula1,documentary
USR-0235,35-44,tennis,documentary
USR-0236,45-54,cricket,live_replay
USR-0237,55+,basketball,analysis
USR-0238,25-34,football,analysis
USR-0239,45-54,formula1,live_replay
USR-0240,55+,tennis,live_replay
USR-0241,35-44,football,live_replay
USR-0242,35-44,formula1,live_replay
USR-0243,25-34,basketball,analysis
USR-0244,35-44,basketball,documentary
USR-0245,35-44,tennis,highlight
USR-0246,55+,formula1,highlight
USR-0247,25-34,cricket,live_replay
USR-0248,55+,formula1,live_replay
USR-0249,45-54,cricket,highlight
USR-0250,18-24,basketball,interview
USR-0251,45-54,formula1,analysis
USR-0252,55+,basketball,live_replay
USR-0253,55+,tennis,analysis
USR-0254,45-54,tennis,analysis
USR-0255,35-44,cricket,analysis
USR-0256,35-44,basketball,interview
USR-0257,18-24,formula1,analysis
USR-0258,18-24,tennis,interview
USR-0259,25-34,formula1,live_replay
USR-0260,35-44,tennis,documentary
USR-0261,55+,basketball,highlight
USR-0262,25-34,basketball,interview
USR-0263,35-44,formula1,analysis
USR-0264,18-24,tennis,interview
USR-0265,35-44,football,highlight
USR-0266,55+,basketball,interview
USR-0267,45-54,football,highlight
USR-0268,55+,basketball,live_replay
USR-0269,45-54,cricket,analysis
USR-0270,25-34,football,analysis
USR-0271,45-54,football,highlight
USR-0272,45-54,cricket,highlight
USR-0273,55+,football,interview
USR-0274,25-34,tennis,analysis
USR-0275,18-24,formula1,highlight
USR-0276,55+,cricket,documentary
USR-0277,55+,tennis,interview
USR-0278,55+,cricket,live_replay
USR-0279,45-54,basketball,documentary
USR-0280,45-54,basketball,documentary
USR-0281,55+,football,documentary
USR-0282,18-24,formula1,interview
USR-0283,35-44,football,interview
USR-0284,25-34,formula1,documentary
USR-0285,18-24,formula1,highlight
USR-0286,45-54,cricket,documentary
USR-0287,45-54,basketball,highlight
USR-0288,25-34,basketball,analysis
USR-0289,45-54,football,interview
USR-0290,35-44,tennis,interview
USR-0291,45-54,football,documentary
USR-0292,25-34,formula1,analysis
USR-0293,25-34,football,highlight
USR-0294,25-34,basketball,documentary
USR-0295,55+,basketball,live_replay
USR-0296,18-24,cricket,analysis
USR-0297,45-54,basketball,documentary
USR-0298,55+,cricket,live_replay
USR-0299,18-24,tennis,highlight
USR-0300,45-54,basketball,documentary
USR-0301,35-44,football,highlight
USR-0302,25-34,tennis,documentary
USR-0303,18-24,basketball,documentary
USR-0304,18-24,formula1,live_replay
USR-0305,55+,cricket,analysis
USR-0306,25-34,tennis,live_replay
USR-0307,45-54,football,live_replay
USR-0308,35-44,cricket,analysis
USR-0309,35-44,football,interview
USR-0310,35-44,cricket,live_replay
USR-0311,35-44,cricket,documentary
USR-0312,18-24,cricket,highlight
USR-0313,35-44,basketball,analysis
USR-0314,18-24,cricket,documentary
USR-0315,18-24,tennis,live_replay
USR-0316,45-54,football,interview
USR-0317,55+,basketball,documentary
USR-0318,45-54,cricket,highlight
USR-0319,25-34,basketball,documentary
USR-0320,25-34,basketball,live_replay
USR-0321,45-54,football,highlight
USR-0322,55+,formula1,interview
USR-0323,35-44,tennis,highlight
USR-0324,55+,cricket,highlight
USR-0325,25-34,football,live_replay
USR-0326,18-24,formula1,live_replay
USR-0327,35-44,tennis,analysis
USR-0328,45-54,cricket,live_replay
USR-0329,25-34,cricket,documentary
USR-0330,25-34,cricket,interview
USR-0331,55+,tennis,interview
USR-0332,18-24,basketball,live_replay
USR-0333,35-44,tennis,analysis
USR-0334,18-24,basketball,analysis
USR-0335,55+,tennis,live_replay
USR-0336,25-34,cricket,documentary
USR-0337,45-54,basketball,analysis
USR-0338,55+,tennis,live_replay
USR-0339,45-54,basketball,interview
USR-0340,25-34,tennis,live_replay
USR-0341,25-34,cricket,highlight
USR-0342,35-44,cricket,live_replay
USR-0343,45-54,formula1,live_replay
USR-0344,18-24,formula1,documentary
USR-0345,55+,basketball,highlight
USR-0346,45-54,football,documentary
USR-0347,45-54,football,interview
USR-0348,45-54,formula1,highlight
USR-0349,45-54,basketball,analysis
USR-0350,55+,cricket,highlight
USR-0351,35-44,tennis,live_replay
USR-0352,35-44,cricket,documentary
USR-0353,18-24,tennis,highlight
USR-0354,25-34,basketball,interview
USR-0355,18-24,cricket,highlight
USR-0356,18-24,cricket,interview
USR-0357,35-44,football,highlight
USR-0358,35-44,football,analysis
USR-0359,35-44,basketball,live_replay
USR-0360,25-34,formula1,documentary
USR-0361,45-54,tennis,interview
USR-0362,25-34,formula1,highlight
USR-0363,55+,cricket,documentary
USR-0364,25-34,cricket,documentary
USR-0365,25-34,formula1,live_replay
USR-0366,35-44,cricket,analysis
USR-0367,18-24,cricket,analysis
USR-0368,55+,formula1,highlight
USR-0369,45-54,basketball,documentary
USR-0370,35-44,cricket,analysis
USR-0371,45-54,basketball,interview
USR-0372,45-54,cricket,highlight
USR-0373,25-34,cricket,documentary
USR-0374,35-44,tennis,analysis
USR-0375,35-44,football,live_replay
USR-0376,35-44,football,documentary
USR-0377,18-24,tennis,live_replay
USR-0378,35-44,formula1,documentary
USR-0379,35-44,formula1,interview
USR-0380,55+,basketball,interview
USR-0381,18-24,football,analysis
USR-0382,45-54,football,documentary
USR-0383,35-44,formula1,highlight
USR-0384,35-44,basketball,live_replay
USR-0385,25-34,formula1,interview
USR-0386,55+,basketball,documentary
USR-0387,55+,basketball,interview
USR-0388,35-44,cricket,analysis
USR-0389,35-44,football,live_replay
USR-0390,18-24,formula1,interview
USR-0391,45-54,tennis,analysis
USR-0392,18-24,cricket,highlight
USR-0393,35-44,tennis,highlight
USR-0394,45-54,basketball,analysis
USR-0395,55+,cricket,analysis
USR-0396,18-24,formula1,live_replay
USR-0397,18-24,tennis,documentary
USR-0398,35-44,tennis,interview
USR-0399,18-24,cricket,analysis
USR-0400,45-54,football,interview
USR-0401,18-24,football,analysis
USR-0402,45-54,football,highlight
USR-0403,25-34,tennis,interview
USR-0404,45-54,cricket,analysis
USR-0405,55+,cricket,documentary
USR-0406,25-34,cricket,highlight
USR-0407,45-54,tennis,live_replay
USR-0408,35-44,football,analysis
USR-0409,25-34,cricket,live_replay
USR-0410,25-34,basketball,highlight
USR-0411,35-44,tennis,analysis
USR-0412,18-24,cricket,analysis
USR-0413,25-34,football,live_replay
USR-0414,18-24,formula1,documentary
USR-0415,18-24,football,analysis
USR-0416,25-34,formula1,documentary
USR-0417,25-34,football,documentary
USR-0418,25-34,tennis,interview
USR-0419,25-34,basketball,interview
USR-0420,55+,football,analysis
USR-0421,25-34,formula1,documentary
USR-0422,35-44,formula1,highlight
USR-0423,18-24,formula1,highlight
USR-0424,35-44,formula1,documentary
USR-0425,35-44,football,interview
USR-0426,35-44,football,interview
USR-0427,45-54,tennis,highlight
USR-0428,18-24,cricket,live_replay
USR-0429,35-44,tennis,documentary
USR-0430,18-24,cricket,documentary
USR-0431,25-34,tennis,highlight
USR-0432,55+,basketball,live_replay
USR-0433,18-24,football,live_replay
USR-0434,45-54,cricket,highlight
USR-0435,45-54,cricket,highlight
USR-0436,18-24,basketball,documentary
USR-0437,25-34,football,interview
USR-0438,35-44,tennis,documentary
USR-0439,55+,basketball,live_replay
USR-0440,55+,tennis,analysis
USR-0441,45-54,tennis,documentary
USR-0442,45-54,football,highlight
USR-0443,55+,formula1,live_replay
USR-0444,45-54,formula1,live_replay
USR-0445,35-44,cricket,live_replay
USR-0446,45-54,football,analysis
USR-0447,45-54,basketball,analysis
USR-0448,35-44,formula1,live_replay
USR-0449,18-24,football,highlight
USR-0450,18-24,cricket,highlight
USR-0451,35-44,formula1,documentary
USR-0452,18-24,tennis,documentary
USR-0453,55+,basketball,highlight
USR-0454,45-54,basketball,live_replay
USR-0455,18-24,basketball,documentary
USR-0456,35-44,basketball,highlight
USR-0457,55+,tennis,interview
USR-0458,25-34,cricket,interview
USR-0459,18-24,basketball,documentary
USR-0460,35-44,football,analysis
USR-0461,55+,formula1,live_replay
USR-0462,55+,tennis,documentary
USR-0463,55+,football,documentary
USR-0464,35-44,football,interview
USR-0465,35-44,basketball,analysis
USR-0466,35-44,football,interview
USR-0467,25-34,tennis,live_replay
USR-0468,18-24,formula1,highlight
USR-0469,18-24,tennis,interview
USR-0470,45-54,cricket,live_replay
USR-0471,35-44,formula1,analysis
USR-0472,35-44,basketball,documentary
USR-0473,55+,football,highlight
USR-0474,25-34,formula1,documentary
USR-0475,18-24,football,analysis
USR-0476,45-54,cricket,live_replay
USR-0477,55+,cricket,live_replay
USR-0478,35-44,formula1,documentary
USR-0479,18-24,basketball,live_replay
USR-0480,18-24,basketball,documentary
USR-0481,45-54,tennis,analysis
USR-0482,18-24,formula1,live_replay
USR-0483,55+,football,highlight
USR-0484,25-34,basketball,interview
USR-0485,25-34,basketball,analysis
USR-0486,35-44,football,highlight
USR-0487,45-54,cricket,interview
USR-0488,25-34,cricket,documentary
USR-0489,25-34,tennis,documentary
USR-0490,35-44,football,live_replay
USR-0491,18-24,cricket,highlight
USR-0492,45-54,football,analysis
USR-0493,55+,cricket,documentary
USR-0494,45-54,cricket,analysis
USR-0495,18-24,cricket,highlight
USR-0496,35-44,formula1,documentary
USR-0497,45-54,basketball,highlight
USR-0498,45-54,football,interview
USR-0499,45-54,tennis,live_replay
USR-0500,55+,football,live_replay
USR-0501,35-44,basketball,interview
USR-0502,35-44,formula1,highlight
USR-0503,55+,football,documentary
USR-0504,55+,formula1,analysis
USR-0505,35-44,formula1,interview
USR-0506,18-24,formula1,analysis
USR-0507,25-34,formula1,documentary
USR-0508,25-34,football,interview
USR-0509,45-54,cricket,documentary
USR-0510,55+,cricket,documentary
USR-0511,55+,basketball,analysis
USR-0512,25-34,cricket,highlight
USR-0513,45-54,cricket,analysis
USR-0514,35-44,tennis,highlight
USR-0515,35-44,tennis,highlight
USR-0516,35-44,cricket,live_replay
USR-0517,18-24,football,analysis
USR-0518,35-44,football,highlight
USR-0519,55+,tennis,documentary
USR-0520,45-54,cricket,documentary
USR-0521,55+,football,live_replay
USR-0522,55+,formula1,analysis
USR-0523,55+,cricket,documentary
USR-0524,25-34,football,live_replay
USR-0525,18-24,basketball,highlight
USR-0526,55+,formula1,highlight
USR-0527,25-34,cricket,live_replay
USR-0528,55+,tennis,documentary
USR-0529,25-34,basketball,analysis
USR-0530,35-44,cricket,live_replay
USR-0531,35-44,tennis,highlight
USR-0532,35-44,football,analysis
USR-0533,18-24,tennis,live_replay
USR-0534,35-44,basketball,documentary
USR-0535,25-34,basketball,highlight
USR-0536,55+,formula1,analysis
USR-0537,35-44,cricket,interview
USR-0538,55+,football,analysis
USR-0539,55+,cricket,analysis
USR-0540,25-34,tennis,highlight
USR-0541,45-54,tennis,analysis
USR-0542,18-24,basketball,analysis
USR-0543,25-34,formula1,analysis
USR-0544,45-54,formula1,interview
USR-0545,25-34,formula1,highlight
USR-0546,35-44,football,documentary
USR-0547,55+,tennis,highlight
USR-0548,35-44,tennis,interview
USR-0549,55+,cricket,interview
USR-0550,25-34,formula1,documentary
USR-0551,25-34,cricket,highlight
USR-0552,45-54,basketball,interview
USR-0553,45-54,tennis,analysis
USR-0554,45-54,formula1,documentary
USR-0555,25-34,basketball,live_replay
USR-0556,25-34,basketball,documentary
USR-0557,45-54,cricket,analysis
USR-0558,45-54,tennis,documentary
USR-0559,45-54,formula1,interview
USR-0560,55+,formula1,analysis
USR-0561,18-24,cricket,analysis
USR-0562,55+,football,documentary
USR-0563,18-24,basketball,highlight
USR-0564,25-34,basketball,live_replay
USR-0565,55+,formula1,live_replay
USR-0566,18-24,formula1,live_replay
USR-0567,35-44,football,live_replay
USR-0568,18-24,cricket,documentary
USR-0569,35-44,formula1,live_replay
USR-0570,18-24,basketball,interview
USR-0571,18-24,basketball,highlight
USR-0572,35-44,formula1,interview
USR-0573,18-24,basketball,live_replay
USR-0574,25-34,cricket,live_replay
USR-0575,55+,football,highlight
USR-0576,18-24,basketball,interview
USR-0577,25-34,tennis,documentary
USR-0578,55+,cricket,highlight
USR-0579,35-44,formula1,analysis
USR-0580,18-24,football,interview
USR-0581,45-54,tennis,live_replay
USR-0582,18-24,football,live_replay
USR-0583,55+,tennis,highlight
USR-0584,55+,tennis,interview
USR-0585,25-34,basketball,live_replay
USR-0586,18-24,tennis,analysis
USR-0587,25-34,tennis,live_replay
USR-0588,25-34,football,documentary
USR-0589,35-44,football,documentary
USR-0590,55+,tennis,documentary
USR-0591,55+,football,live_replay
USR-0592,45-54,football,live_replay
USR-0593,35-44,basketball,highlight
USR-0594,35-44,football,analysis
USR-0595,25-34,football,documentary
USR-0596,35-44,formula1,highlight
USR-0597,35-44,tennis,analysis
USR-0598,25-34,cricket,live_replay
USR-0599,25-34,formula1,highlight
USR-0600,45-54,football,analysis
USR-0601,25-34,football,interview
USR-0602,18-24,basketball,analysis
USR-0603,55+,cricket,documentary
USR-0604,45-54,basketball,highlight
USR-0605,25-34,basketball,analysis
USR-0606,18-24,basketball,analysis
USR-0607,18-24,basketball,live_replay
USR-0608,45-54,cricket,live_replay
USR-0609,35-44,formula1,live_replay
USR-0610,45-54,basketball,documentary
USR-0611,35-44,football,live_replay
USR-0612,18-24,cricket,documentary
USR-0613,25-34,tennis,analysis
USR-0614,35-44,football,highlight
USR-0615,35-44,basketball,analysis
USR-0616,45-54,tennis,live_replay
USR-0617,25-34,cricket,analysis
USR-0618,45-54,football,analysis
USR-0619,55+,cricket,analysis
USR-0620,18-24,football,live_replay
USR-0621,35-44,tennis,interview
USR-0622,18-24,formula1,documentary
USR-0623,45-54,football,interview
USR-0624,18-24,formula1,analysis
USR-0625,35-44,cricket,documentary
USR-0626,18-24,tennis,interview
USR-0627,45-54,basketball,analysis
USR-0628,45-54,football,documentary
USR-0629,25-34,tennis,analysis
USR-0630,45-54,basketball,analysis
USR-0631,25-34,football,highlight
USR-0632,25-34,cricket,documentary
USR-0633,45-54,tennis,highlight
USR-0634,35-44,basketball,live_replay
USR-0635,25-34,tennis,analysis
USR-0636,45-54,formula1,highlight
USR-0637,25-34,football,live_replay
USR-0638,25-34,cricket,highlight
USR-0639,35-44,basketball,highlight
USR-0640,55+,tennis,analysis
USR-0641,35-44,formula1,interview
USR-0642,35-44,tennis,interview
USR-0643,18-24,formula1,interview
USR-0644,25-34,cricket,highlight
USR-0645,35-44,tennis,documentary
USR-0646,35-44,cricket,documentary
USR-0647,25-34,tennis,highlight
USR-0648,18-24,basketball,live_replay
USR-0649,45-54,tennis,live_replay
USR-0650,45-54,tennis,highlight
USR-0651,25-34,basketball,highlight
USR-0652,45-54,cricket,documentary
USR-0653,35-44,formula1,documentary
USR-0654,55+,formula1,interview
USR-0655,45-54,tennis,highlight
USR-0656,18-24,tennis,interview
USR-0657,35-44,formula1,interview
USR-0658,35-44,formula1,analysis
USR-0659,55+,basketball,highlight
USR-0660,35-44,formula1,documentary
USR-0661,35-44,formula1,analysis
USR-0662,55+,tennis,highlight
USR-0663,55+,formula1,documentary
USR-0664,55+,formula1,interview
USR-0665,55+,tennis,analysis
USR-0666,55+,football,highlight
USR-0667,18-24,football,documentary
USR-0668,35-44,formula1,documentary
USR-0669,45-54,tennis,highlight
USR-0670,45-54,tennis,analysis
USR-0671,35-44,cricket,interview
USR-0672,45-54,basketball,live_replay
USR-0673,18-24,football,interview
USR-0674,45-54,cricket,live_replay
USR-0675,45-54,formula1,analysis
USR-0676,55+,formula1,analysis
USR-0677,35-44,basketball,live_replay
USR-0678,25-34,basketball,documentary
USR-0679,55+,football,analysis
USR-0680,25-34,cricket,highlight
USR-0681,35-44,cricket,interview
USR-0682,25-34,football,highlight
USR-0683,35-44,cricket,documentary
USR-0684,45-54,formula1,interview
USR-0685,35-44,tennis,analysis
USR-0686,25-34,formula1,live_replay
USR-0687,55+,cricket,live_replay
USR-0688,35-44,cricket,highlight
USR-0689,18-24,cricket,documentary
USR-0690,45-54,formula1,interview
USR-0691,55+,basketball,highlight
USR-0692,18-24,basketball,live_replay
USR-0693,55+,cricket,analysis
USR-0694,55+,football,highlight
USR-0695,45-54,formula1,analysis
USR-0696,35-44,cricket,analysis
USR-0697,18-24,cricket,highlight
USR-0698,55+,tennis,interview
USR-0699,35-44,tennis,analysis
USR-0700,18-24,cricket,documentary
USR-0701,45-54,tennis,analysis
USR-0702,55+,tennis,highlight
USR-0703,25-34,football,live_replay
USR-0704,35-44,basketball,documentary
USR-0705,35-44,formula1,interview
USR-0706,55+,tennis,live_replay
USR-0707,55+,football,highlight
USR-0708,18-24,formula1,analysis
USR-0709,45-54,tennis,live_replay
USR-0710,25-34,tennis,documentary
USR-0711,25-34,basketball,documentary
USR-0712,35-44,formula1,live_replay
USR-0713,55+,basketball,documentary
USR-0714,35-44,tennis,documentary
USR-0715,55+,cricket,documentary
USR-0716,35-44,cricket,highlight
USR-0717,35-44,basketball,highlight
USR-0718,45-54,tennis,analysis
USR-0719,18-24,tennis,live_replay
USR-0720,35-44,tennis,documentary
USR-0721,25-34,football,documentary
USR-0722,45-54,formula1,documentary
USR-0723,55+,cricket,interview
USR-0724,25-34,football,documentary
USR-0725,18-24,formula1,highlight
USR-0726,45-54,basketball,live_replay
USR-0727,25-34,cricket,interview
USR-0728,45-54,tennis,documentary
USR-0729,45-54,football,interview
USR-0730,55+,formula1,documentary
USR-0731,35-44,cricket,documentary
USR-0732,45-54,basketball,interview
USR-0733,45-54,tennis,analysis
USR-0734,55+,basketball,analysis
USR-0735,55+,cricket,interview
USR-0736,25-34,basketball,documentary
USR-0737,35-44,formula1,analysis
USR-0738,35-44,formula1,live_replay
USR-0739,35-44,cricket,analysis
USR-0740,55+,basketball,analysis
USR-0741,18-24,tennis,documentary
USR-0742,45-54,cricket,analysis
USR-0743,25-34,basketball,highlight
USR-0744,35-44,football,analysis
USR-0745,45-54,basketball,live_replay
USR-0746,25-34,formula1,documentary
USR-0747,35-44,tennis,analysis
USR-0748,25-34,football,documentary
USR-0749,55+,formula1,interview
USR-0750,18-24,tennis,interview
USR-0751,25-34,football,highlight
USR-0752,45-54,basketball,live_replay
USR-0753,18-24,formula1,highlight
USR-0754,55+,formula1,live_replay
USR-0755,45-54,cricket,interview
USR-0756,35-44,basketball,analysis
USR-0757,18-24,football,documentary
USR-0758,25-34,tennis,highlight
USR-0759,25-34,cricket,interview
USR-0760,18-24,cricket,live_replay
USR-0761,25-34,basketball,highlight
USR-0762,18-24,basketball,documentary
USR-0763,55+,football,analysis
USR-0764,35-44,cricket,documentary
USR-0765,55+,cricket,interview
USR-0766,55+,cricket,analysis
USR-0767,25-34,football,analysis
USR-0768,25-34,cricket,analysis
USR-0769,25-34,football,analysis
USR-0770,35-44,tennis,interview
USR-0771,25-34,tennis,live_replay
USR-0772,45-54,tennis,analysis
USR-0773,18-24,cricket,highlight
USR-0774,25-34,formula1,live_replay
USR-0775,35-44,formula1,highlight
USR-0776,35-44,cricket,interview
USR-0777,45-54,basketball,analysis
USR-0778,35-44,tennis,documentary
USR-0779,18-24,basketball,analysis
USR-0780,25-34,football,highlight
USR-0781,45-54,basketball,interview
USR-0782,45-54,tennis,analysis
USR-0783,18-24,basketball,analysis
USR-0784,55+,formula1,interview
USR-0785,25-34,cricket,interview
USR-0786,45-54,tennis,analysis
USR-0787,45-54,tennis,live_replay
USR-0788,55+,formula1,interview
USR-0789,55+,football,documentary
USR-0790,45-54,tennis,analysis
USR-0791,18-24,tennis,highlight
USR-0792,18-24,tennis,documentary
USR-0793,25-34,tennis,documentary
USR-0794,25-34,formula1,analysis
USR-0795,55+,cricket,highlight
USR-0796,25-34,tennis,live_replay
USR-0797,18-24,tennis,live_replay
USR-0798,18-24,cricket,interview
USR-0799,55+,cricket,live_replay
USR-0800,55+,football,documentary
USR-0801,45-54,basketball,highlight
USR-0802,45-54,basketball,highlight
USR-0803,25-34,tennis,highlight
USR-0804,18-24,cricket,analysis
USR-0805,18-24,tennis,highlight
USR-0806,18-24,cricket,highlight
USR-0807,35-44,cricket,interview
USR-0808,25-34,cricket,analysis
USR-0809,45-54,cricket,live_replay
USR-0810,45-54,football,documentary
USR-0811,25-34,basketball,highlight
USR-0812,25-34,tennis,live_replay
USR-0813,55+,formula1,interview
USR-0814,18-24,football,analysis
USR-0815,45-54,tennis,live_replay
USR-0816,55+,cricket,interview
USR-0817,25-34,cricket,analysis
USR-0818,25-34,basketball,interview
USR-0819,18-24,football,live_replay
USR-0820,55+,football,interview
USR-0821,25-34,football,highlight
USR-0822,55+,football,live_replay
USR-0823,55+,football,interview
USR-0824,18-24,cricket,live_replay
USR-0825,25-34,tennis,interview
USR-0826,18-24,formula1,documentary
USR-0827,35-44,formula1,documentary
USR-0828,35-44,tennis,documentary
USR-0829,35-44,formula1,analysis
USR-0830,25-34,tennis,interview
USR-0831,45-54,basketball,analysis
USR-0832,18-24,tennis,documentary
USR-0833,25-34,cricket,documentary
USR-0834,45-54,football,analysis
USR-0835,45-54,tennis,analysis
USR-0836,45-54,cricket,interview
USR-0837,35-44,cricket,interview
USR-0838,55+,cricket,interview
USR-0839,25-34,basketball,interview
USR-0840,45-54,football,documentary
USR-0841,45-54,cricket,documentary
USR-0842,55+,formula1,live_replay
USR-0843,25-34,basketball,interview
USR-0844,35-44,football,live_replay
USR-0845,35-44,football,documentary
USR-0846,25-34,football,analysis
USR-0847,45-54,tennis,documentary
USR-0848,18-24,football,interview
USR-0849,55+,tennis,interview
USR-0850,45-54,formula1,analysis
USR-0851,35-44,football,interview
USR-0852,25-34,football,live_replay
USR-0853,25-34,tennis,interview
USR-0854,45-54,formula1,documentary
USR-0855,35-44,basketball,live_replay
USR-0856,45-54,tennis,analysis
USR-0857,35-44,basketball,analysis
USR-0858,55+,cricket,live_replay
USR-0859,18-24,cricket,analysis
USR-0860,25-34,basketball,analysis
USR-0861,45-54,football,documentary
USR-0862,25-34,formula1,highlight
USR-0863,35-44,tennis,documentary
USR-0864,55+,cricket,analysis
USR-0865,25-34,formula1,analysis
USR-0866,25-34,cricket,documentary
USR-0867,25-34,cricket,documentary
USR-0868,35-44,basketball,live_replay
USR-0869,45-54,cricket,interview
USR-0870,35-44,formula1,interview
USR-0871,55+,cricket,interview
USR-0872,55+,football,documentary
USR-0873,18-24,football,highlight
USR-0874,18-24,cricket,interview
USR-0875,25-34,football,interview
USR-0876,18-24,formula1,documentary
USR-0877,45-54,basketball,highlight
USR-0878,55+,tennis,live_replay
USR-0879,45-54,football,highlight
USR-0880,55+,tennis,live_replay
USR-0881,18-24,football,documentary
USR-0882,35-44,tennis,analysis
USR-0883,18-24,tennis,live_replay
USR-0884,25-34,football,highlight
USR-0885,55+,formula1,interview
USR-0886,25-34,tennis,documentary
USR-0887,35-44,basketball,analysis
USR-0888,45-54,football,analysis
USR-0889,45-54,cricket,documentary
USR-0890,25-34,formula1,analysis
USR-0891,18-24,football,highlight
USR-0892,45-54,cricket,live_replay
USR-0893,55+,cricket,highlight
USR-0894,18-24,formula1,highlight
USR-0895,45-54,cricket,analysis
USR-0896,55+,football,documentary
USR-0897,18-24,formula1,interview
USR-0898,55+,cricket,analysis
USR-0899,18-24,football,analysis
USR-0900,55+,tennis,highlight
USR-0901,25-34,basketball,highlight
USR-0902,25-34,tennis,interview
USR-0903,45-54,football,analysis
USR-0904,25-34,tennis,interview
USR-0905,55+,cricket,documentary
USR-0906,35-44,cricket,interview
USR-0907,18-24,tennis,analysis
USR-0908,18-24,football,live_replay
USR-0909,25-34,football,analysis
USR-0910,55+,tennis,documentary
USR-0911,45-54,basketball,highlight
USR-0912,35-44,cricket,live_replay
USR-0913,25-34,basketball,documentary
USR-0914,45-54,cricket,interview
USR-0915,55+,cricket,highlight
USR-0916,55+,basketball,interview
USR-0917,18-24,football,analysis
USR-0918,25-34,cricket,interview
USR-0919,45-54,basketball,analysis
USR-0920,18-24,football,highlight
USR-0921,35-44,cricket,analysis
USR-0922,35-44,football,interview
USR-0923,18-24,formula1,live_replay
USR-0924,45-54,tennis,documentary
USR-0925,55+,cricket,highlight
USR-0926,18-24,football,analysis
USR-0927,55+,football,documentary
USR-0928,55+,basketball,live_replay
USR-0929,18-24,basketball,live_replay
USR-0930,45-54,football,documentary
USR-0931,25-34,tennis,documentary
USR-0932,25-34,cricket,interview
USR-0933,25-34,basketball,analysis
USR-0934,35-44,cricket,interview
USR-0935,18-24,formula1,live_replay
USR-0936,35-44,cricket,analysis
USR-0937,45-54,football,analysis
USR-0938,35-44,formula1,live_replay
USR-0939,55+,tennis,interview
USR-0940,45-54,football,interview
USR-0941,35-44,football,live_replay
USR-0942,35-44,tennis,live_replay
USR-0943,35-44,cricket,analysis
USR-0944,45-54,tennis,interview
USR-0945,35-44,basketball,documentary
USR-0946,25-34,cricket,analysis
USR-0947,25-34,cricket,analysis
USR-0948,35-44,cricket,documentary
USR-0949,25-34,basketball,live_replay
USR-0950,35-44,cricket,analysis
USR-0951,18-24,tennis,interview
USR-0952,55+,tennis,interview
USR-0953,55+,football,live_replay
USR-0954,25-34,cricket,analysis
USR-0955,18-24,cricket,live_replay
USR-0956,25-34,basketball,interview
USR-0957,35-44,formula1,live_replay
USR-0958,45-54,football,live_replay
USR-0959,55+,cricket,documentary
USR-0960,45-54,tennis,documentary
USR-0961,45-54,tennis,highlight
USR-0962,35-44,tennis,documentary
USR-0963,18-24,football,interview
USR-0964,35-44,formula1,documentary
USR-0965,18-24,tennis,live_replay
USR-0966,35-44,cricket,highlight
USR-0967,18-24,football,analysis
USR-0968,25-34,tennis,documentary
USR-0969,55+,tennis,documentary
USR-0970,25-34,cricket,analysis
USR-0971,45-54,cricket,documentary
USR-0972,55+,formula1,analysis
USR-0973,18-24,cricket,highlight
USR-0974,35-44,cricket,highlight
USR-0975,18-24,formula1,analysis
USR-0976,35-44,basketball,live_replay
USR-0977,25-34,tennis,live_replay
USR-0978,35-44,cricket,highlight
USR-0979,45-54,cricket,analysis
USR-0980,18-24,basketball,highlight
USR-0981,18-24,football,analysis
USR-0982,18-24,formula1,interview
USR-0983,55+,formula1,documentary
USR-0984,25-34,basketball,documentary
USR-0985,45-54,cricket,interview
USR-0986,45-54,formula1,interview
USR-0987,45-54,cricket,highlight
USR-0988,55+,formula1,live_replay
USR-0989,55+,cricket,live_replay
USR-0990,18-24,formula1,interview
USR-0991,35-44,football,documentary
USR-0992,18-24,tennis,interview
USR-0993,35-44,basketball,interview
USR-0994,45-54,football,analysis
USR-0995,45-54,tennis,analysis
USR-0996,55+,cricket,documentary
USR-0997,45-54,tennis,highlight
USR-0998,35-44,basketball,live_replay
USR-0999,55+,formula1,analysis
USR-1000,55+,tennis,highlight
